id,username,access_level,is_active,lastlog
1,Adrian,user,1,2023-06-12
2,Monika,user,1,2023-09-29
3,Azazel,removed,0,2026-11-05
4,Robert,user,1,2024-11-06
5,Aleksandra,user,1,2023-03-27
6,Michał,user,1,2024-02-10
7,Katarzyna,user,1,2023-02-20
8,Mateusz,user,1,2023-11-23
9,Zofia,user,1,2023-07-10
10,Jan,user,1,2024-02-09
11,Julia,user,1,2023-06-09
12,Tomasz,user,1,2023-01-17
13,Anna,user,1,2023-01-31
14,Piotr,user,1,2023-04-17
15,Natalia,user,1,2023-01-09
16,Paweł,user,1,2023-06-02
17,Maria,user,1,2023-11-06
18,Krzysztof,user,1,2023-08-17
19,Emilia,user,1,2023-08-05
20,Marcin,user,1,2024-01-30
21,Maja,user,1,2023-02-01
22,Łukasz,user,1,2023-09-25
23,Amelia,user,1,2024-01-15
24,Grzegorz,user,1,2023-08-25
25,Alicja,user,1,2023-02-14
26,Adam,user,1,2024-01-10
27,Martyna,user,1,2023-01-17
28,Rafał,user,0,2029-05-11
29,Ewelina,user,1,2023-12-06
30,Maciej,user,1,2023-03-29
31,Zygfryd,admin,1,2238-11-21
32,Jakub,user,1,2023-10-05
33,Agnieszka,user,1,2023-09-24
34,Hubert,user,1,2023-03-11
35,Gabriela,user,1,2024-02-13
36,Dawid,user,1,2023-04-25
37,Lena,user,1,2023-07-25
38,Szymon,user,1,2023-09-11
39,Barbara,user,1,2023-08-11
40,Oliwier,user,1,2023-12-19
41,Nikola,user,1,2023-08-25
42,Wojciech,user,1,2023-05-03
43,Karolina,user,1,2023-12-02
44,Wiktor,user,1,2023-01-19
45,Kinga,user,1,2024-01-13
46,Artur,user,1,2023-04-22
47,Oliwia,user,1,2023-10-14
48,Patryk,user,1,2023-08-25
49,Joanna,user,1,2023-11-20
50,Damian,user,1,2023-02-16
51,Patrycja,user,0,2023-05-04
52,Filip,user,1,2023-02-17
53,Sandra,user,1,2023-10-26
54,Sebastian,user,1,2023-03-01
55,Izabela,user,1,2023-09-20
56,Daniel,user,1,2023-09-30
57,Beata,user,1,2023-05-26
58,Konrad,user,1,2023-12-07
59,Klaudia,user,1,2024-02-12
60,Bartłomiej,user,1,2023-06-04
61,Renata,user,1,2024-02-15
62,Igor,user,0,2023-10-28
63,Edyta,user,1,2023-09-28
64,Kamil,user,1,2023-01-23
65,Magdalena,user,1,2023-06-08
66,Bartosz,user,1,2023-10-25
67,Małgorzata,user,1,2023-06-02
68,Witold,user,1,2023-10-27
69,Justyna,user,1,2023-06-27
70,Marian,user,1,2024-02-25
71,Iwona,user,1,2023-10-06
72,Jerzy,user,1,2023-05-12
73,Dorota,user,1,2023-09-11
74,Leszek,user,1,2023-01-13
75,Zuzanna,user,1,2023-06-13
76,Cezary,user,1,2023-12-14
77,Aleksander,user,1,2024-01-25
78,Oskar,user,1,2023-02-15
79,Halina,user,1,2023-12-16
80,Leon,user,1,2023-11-17
81,Elżbieta,user,1,2023-05-04
82,Kazimierz,user,1,2023-03-28
83,Weronika,user,1,2023-03-02
84,Andrzej,user,1,2023-02-11
85,Grażyna,user,1,2023-01-29
86,Jacek,user,1,2023-01-19
87,Michalina,user,1,2023-01-08
88,Przemysław,user,1,2024-02-17
89,Hanna,user,1,2023-11-16
90,Bogdan,user,1,2023-12-24
91,Sylwia,user,0,2024-02-06
92,Borys,user,1,2023-03-14
93,Ludwika,user,1,2023-01-19
94,Norbert,user,1,2023-11-01
95,Roksana,user,1,2023-06-28
96,Fryderyk,user,1,2024-02-11
97,Jolanta,user,1,2023-07-28
98,Samuel,user,1,2024-11-29
